,Filename,text,language
0,mal_0001.wav,Eid Nutan Duggal Parakh mallavarapu Radha Ramana,Malayalam
0,mal_0002.wav,Kollam and navakal Vivek Shiksha Una only Lathi gum karyangal unda,Malayalam
0,mal_0003.wav,Gyan ki lekhanam English Vakil tarjuma,Malayalam
0,mal_0004.wav,P School Anna vidyabyasa 57 angle,Malayalam
0,mal_0005.wav,Aadha idhar October model December,Malayalam
0,mal_0006.wav,aandhiyon kya suriyani orthodox Sabha khiri,Malayalam
0,mal_0007.wav,Sunil ji Paranthe wale Haryana Rinku Vedam reference Poland,Malayalam
0,mal_0008.wav,Aadhya Guru Adhyaksh Sachin Kanya,Malayalam
0,mal_0009.wav,kalikotta Enna Oru IP,Malayalam
0,mal_0010.wav,Malayalam Wikipedia Ud audyogik ka Niyam kanungo,Malayalam
0,mal_0011.wav,Hawa aur trics paulastya Sabha and yogya suriyani orthodox Sabha,Malayalam
0,mal_0012.wav,cheray enale nilavil kannigal,Malayalam
0,mal_0013.wav,March model Juma Aate Islami singhada akhilendia president,Malayalam
0,mal_0014.wav,itaram Oru samvadam evideyum ka naam,Malayalam
0,mal_0015.wav,Anand Murali party Mathur School,Malayalam
0,mal_0016.wav,Chennai Chaddi Arya padane Suvarna Orange in AP,Malayalam
0,mal_0017.wav,delavar Shivam April mathathil Puram nadakkunnu,Malayalam
0,mal_0018.wav,poll rubber code Krishi cheyyunnu,Malayalam
0,mal_0019.wav,masatana lingle Aditya Banda,Malayalam
0,mal_0020.wav,Fida K7 Aasan Madhav Mani Amma,Malayalam
0,mal_0021.wav,Kottayam Jilla kirukkan malayoram Ek Lele Pradhan Patna,Malayalam
0,mal_0022.wav,katholika Sabha pragaram Aditya Maar papa,Malayalam
0,mal_0023.wav,lekhan English Pardeep,Malayalam
0,mal_0024.wav,Eid India Aditya I,Malayalam
0,mal_0025.wav,Anu Malik Malayalam wiki sontham chithrangal matrame padulu in,Malayalam
0,mal_0026.wav,user page redirect chahie Sath Kila,Malayalam
0,mal_0027.wav,Kerala Bhasha Institute Thiruvananthapuram Kerala,Malayalam
0,mal_0028.wav,Gyan ka number old model,Malayalam
0,mal_0029.wav,Uda keralathinte thalasthanam Thiruvananthapuram,Malayalam
0,mal_0030.wav,Ithu Pol Oru samvidhanam Namak Malayalam Wiki le mundakan pattumo,Malayalam
0,mal_0031.wav,vyakti my karanangal hilaade Aaye M Block chahie innovaccer,Malayalam
0,mal_0032.wav,opole engineer Ullah vivaram any ki vendor,Malayalam
0,mal_0033.wav,Adina where aatham undenkil parayu Marshal,Malayalam
0,mal_0034.wav,American ayia Na Dukh padinjaran Sansthan Anil Ninna kirukkan Africa,Malayalam
0,mal_0035.wav,England manasalle parayathe vayya,Malayalam
0,mal_0036.wav,Kerala Palakkad Jile Le Oru Vinod Sanjay Kendra manam Malampuzha,Malayalam
0,mal_0037.wav,lekhan pradhanyam anusar chithrangal at Ravana Mangalam Aavin innarunnu,Malayalam
0,mal_0038.wav,any ke Angana Tony n Alla kato,Malayalam
0,mal_0039.wav,adiseshan wala Padukone Wikipedia,Malayalam
0,mal_0040.wav,angulam Sujata in Malayalam Google type,Malayalam
0,mal_0041.wav,Deva Vishwas Eagle ayirunnu Canada,Malayalam
0,mal_0042.wav,ganitha Shastra Sambandham eetharam lekhan and prediction,Malayalam
0,mal_0043.wav,vivaadham under the grantham prasiddh Richa shesham Allah,Malayalam
0,mal_0044.wav,abe Kurien Kollam nanartha null,Malayalam
0,mal_0045.wav,Kannur Jilla mattannur gramathu Adhyaksh,Malayalam
0,mal_0046.wav,log Clayton at jansankhya Ullah Nagaram Bombay Aana,Malayalam
0,mal_0047.wav,Eid Yakub Sab Bhag Mana orthodox Sabha,Malayalam
0,mal_0048.wav,Oru IP tunnel editor,Malayalam
0,mal_0049.wav,cooling water in a Canal in the Vivek Shiksha,Malayalam
0,mal_0050.wav,pattanathil Adhyaksh,Malayalam
0,mal_0051.wav,mettupalayam Tum Hi prashnam Kunda,Malayalam
0,mal_0052.wav,adrenal tan Mugal Ling reference I ko dukaan Patla,Malayalam
0,mal_0053.wav,aadinaal Awaaz Agam Nigam chahie,Malayalam
0,mal_0054.wav,other Adhikari ka sahit Anand film Adil thettukal unda,Malayalam
0,mal_0055.wav,Wikipedia Bengali organ tunggal ending with sahayam avasyamundu,Malayalam
0,mal_0056.wav,Wayanad Enna prayogam aadyamai Kannada,Malayalam
0,mal_0057.wav,indiayude suvarnakala Ghatam in Magadh Neela ninnakalum Arya padunnu,Malayalam
0,mal_0058.wav,in India kuttikalkku swarnam aushadham Nalgonda,Malayalam
0,mal_0059.wav,Kerala karshaka thozhilali kshemanidhi board Thrissur,Malayalam
0,mal_0060.wav,Dayanand audyogik ka naam Mangal sweets Richa Aditya papa,Malayalam
0,mal_0061.wav,Gulf Malayali iruthaya lekhan angle karna,Malayalam
0,mal_0062.wav,number Tamil Swagat Charcha karyakal vendor,Malayalam
0,mal_0063.wav,Jennie Kim Aditya Tonu pakshi,Malayalam
0,mal_0064.wav,sogariya mpolaye Atul kundgol vivarangal chair ka niyantran,Malayalam
0,mal_0065.wav,Kerala Malappuram Jilla Orissa Gramam thirunnavaya,Malayalam
0,mal_0066.wav,a Gaura suriyani Sabha Sabha,Malayalam
0,mal_0067.wav,Kerala Khada kam Jama Aate Islamic Kerala,Malayalam
0,mal_0068.wav,Sivan youth pradhana Prathishta,Malayalam
0,mal_0069.wav,other aidan gillen bot cheythal Pol,Malayalam
0,mal_0070.wav,Vicky aur Yatra Sahi Allah,Malayalam
0,mal_0071.wav,people Thiruvananthapuram,Malayalam
0,mal_0072.wav,ya Kanmani Unna Shramik Suno ko,Malayalam
0,mal_0073.wav,hidden the male karyakal samvadam avashya Mila,Malayalam
0,mal_0074.wav,Hindustan enough Rupam Kunda nadi,Malayalam
0,mal_0075.wav,Avan Aval other over and over and over,Malayalam
0,mal_0076.wav,Kerala Palakkad Jilla Hile original Gramin,Malayalam
0,mal_0077.wav,Kollam anava Canal in the name Vivek camp,Malayalam
0,mal_0078.wav,upavasam kannathal kandappol upavasam nanarthagalu srishtichu in ullu,Malayalam
0,mal_0079.wav,mattannur sankarankutty and Nana Madhyam,Malayalam
0,mal_0080.wav,ilake purogamana Kala Sahitya Sangam in 1962,Malayalam
0,mal_0081.wav,aandhiyon kya Surya Ne Aurat Lok Sabha free,Malayalam
0,mal_0082.wav,other per Anjuman Islam Cougar another Wiki,Malayalam
0,mal_0083.wav,French Arabi in Viviana Udyog Nagar,Malayalam
0,mal_0084.wav,Lekha Nu Mai Banda pata samvadam prastut lekhan samvadam mathram,Malayalam
0,mal_0085.wav,Unnai Unnai Pathi Kanna madhavam,Malayalam
0,mal_0086.wav,Maha Vishnu Vardhan Prathishta,Malayalam
0,mal_0087.wav,Aadi nauvin De Vicky Patti uruwa 2 part 2,Malayalam
0,mal_0088.wav,atom aduthulla vimanathavalam Thiruvananthapuram Anda Rashtra Viman Balam,Malayalam
0,mal_0089.wav,Wikipedia 15 organ tunggal sahayam avasyamundu alkalam vendor,Malayalam
0,mal_0090.wav,how the gum innava Canal in the name Vivek,Malayalam
0,mal_0091.wav,other edit page script I under lo,Malayalam
0,mal_0092.wav,enel Pol Oruvan mathangal 12,Malayalam
0,mal_0093.wav,Gandhiji Anna vyakti Hai Pati bimar Sanam Anna Bhagam Aditya vision Thane,Malayalam
0,mal_0094.wav,Bible Aana Evaru vishudha grantham,Malayalam
0,mal_0095.wav,hi pattegar Nikam chahie and avashya Mila,Malayalam
0,mal_0096.wav,Kasargod Jile Le Oru malayoram gram,Malayalam
0,mal_0097.wav,idhar Ek Kshetra Mataram pratyek,Malayalam
0,mal_0098.wav,yah software upyogita PDF,Malayalam
0,mal_0099.wav,aap Aaram aur 0 lekhan Atul Naino Ne kam Sidhu,Malayalam
0,mal_0100.wav,Coolie navakal Vivek Shiksha Hona only Lathi gum karyangal unda,Malayalam
0,mal_0101.wav,Tamil Nirvana padam Kuthu padam,Malayalam
0,mal_0102.wav,Karnan Malayalam aksharamala in parayunnathu Malayalam swarangal,Malayalam
0,mal_0103.wav,Yakub Sabha in prayogam Sadharan suriyani orthodox Sabha,Malayalam
0,mal_0104.wav,keralathil adyamayi English bhasha pathivada,Malayalam
0,mal_0105.wav,abe Kurien Cooli Nan Arthangal,Malayalam
0,mal_0106.wav,Eid Malayalam Vicky Uday Udyog ka Niyam chair ka naam,Malayalam
0,mal_0107.wav,alekhan samvadam Taal Madhi,Malayalam
0,mal_0108.wav,Krishnan Nair and navakal Vivek she kya hona unnil athigam karyangal,Malayalam
0,mal_0109.wav,we were killed by Yogam Arthur,Malayalam
0,mal_0110.wav,Jaynagar adhigam Hindu Christian Vibhag angle padunnu,Malayalam
0,mal_0111.wav,Adina avalum film ko dukaan Pattam,Malayalam
0,mal_0112.wav,Roman Samrajya Dil Naal paarthu ki Samara Hyundai,Malayalam
0,mal_0113.wav,Mika Indian fast bhuthi Gum and Nana,Malayalam
0,mal_0114.wav,eataly ningol ka bhavishya upakaranangal kittum,Malayalam
0,mal_0115.wav,any matter where Seth room,Malayalam
0,mal_0116.wav,Uttara Til Peru kata on Kannur Jilla,Malayalam
0,mal_0117.wav,Kerala cartoon Academy vice chairman,Malayalam
0,mal_0118.wav,Praveen Mathur Dayal other Kora per Mela,Malayalam
0,mal_0119.wav,Shiva Dhar Olympic mother parivarthanam Chale 2,Malayalam
0,mal_0120.wav,appal karavadam Malayalam vah Jungle upyogi cooker,Malayalam
0,mal_0121.wav,Mathura American College Adhyaksh Adhyaksh Thande Udyog jeevitham Aarambh,Malayalam
0,mal_0122.wav,Indian samsthanam Tamil Nadu Kanyakumari,Malayalam
0,mal_0123.wav,Barshi Dam aduthulla Pradhan August,Malayalam
0,mal_0124.wav,Hindi album me photo everyday upyogi Kan Patila,Malayalam
0,mal_0125.wav,lekhanam English Wikipedia,Malayalam
0,mal_0126.wav,Europe Pradhan Pata Vinod Sanjay kendrangal owner,Malayalam
0,mal_0127.wav,patiga INI Oru sab ki tric,Malayalam
0,mal_0128.wav,Oru Sampoorna kudumba channel ennariyappedunna Jeevan TV,Malayalam
0,mal_0129.wav,Inna prashastha Mein Kala Sanskar Kendra Manavi madam,Malayalam
0,mal_0130.wav,udaharan Dena aur Yakub kam Malayalam Wiki,Malayalam
0,mal_0131.wav,Madhavaram pakshavatham aidan gillen pratyek madathu padal Mataram karyangal pakshavatham,Malayalam
0,mal_0132.wav,Krishnan Nair nanartha angle kannathal kanuga,Malayalam
0,mal_0133.wav,iniyum Oru Ling Thara kuthaunda,Malayalam
0,mal_0134.wav,ethel forestier orthodox Sabha in Marathi,Malayalam
0,mal_0135.wav,Akshay Adina Aur pratyay Ka Tala karte hue Chitra in Marathi in,Malayalam
0,mal_0136.wav,Tangle Wikipedia lekhanangal nilavil Lava,Malayalam
0,mal_0137.wav,kodada Upar Nana Sa Munda ko game avam,Malayalam
0,mal_0138.wav,challenge nilavil Oru lekhanam under lo,Malayalam
0,mal_0139.wav,aadyamayi Eid share come in,Malayalam
0,mal_0140.wav,samvadam Taluka samvad angle editor,Malayalam
0,mal_0141.wav,Airtel wali Nagar ithuthan ne,Malayalam
0,mal_0142.wav,Nagaram India sambathika Tamil sthanam Kudi Aana,Malayalam
0,mal_0143.wav,Wikipedia Lekh Nangal Pariyojna Naal Re deal type chahiye,Malayalam
0,mal_0144.wav,Kanni Unna vakkil Vivek Shiksha Anna Anil adhigam Karya Nalgonda,Malayalam
0,mal_0145.wav,English wikipedia Tamil Telugu Kannada Marathi page perum Nalla Adi,Malayalam
0,mal_0146.wav,Savdhan PDF computer Logon Shradha nivedan today,Malayalam
0,mal_0147.wav,e Lekha Naam Kozhikode in 1962,Malayalam
0,mal_0148.wav,yedukondalu Thane Mumbai Vada Jivan Nila Varum poluthu nagarangalil on Nana,Malayalam
0,mal_0149.wav,aadhe Ham English Malayalam Tamil samskritam any Bhasha Praveen mamidi,Malayalam
0,mal_0150.wav,aidan gillen upyogita wind nokou,Malayalam
0,mal_0151.wav,abe Kurian kannai naan ethinal,Malayalam
0,mal_0152.wav,even in Foster City,Malayalam
0,mal_0153.wav,Wiki Ltd to Google Kandu pidichathu Oru divasam Ora postictal Modi,Malayalam
0,mal_0154.wav,Karnan Wiki original adhipatya samvidhanam Allah,Malayalam
0,mal_0155.wav,Anjaneya ceiling any ke kittunnilla kato,Malayalam
0,mal_0156.wav,Oru Chithram Kudi Cherthala wala Re Nanna Re,Malayalam
0,mal_0157.wav,safid pradan Kendra Pol India,Malayalam
0,mal_0158.wav,Kannada lipi upyogita nayi bhasha,Malayalam
0,mal_0159.wav,edena PDF file under Kan Patna Pradhan Pata software,Malayalam
0,mal_0160.wav,kannimasam Kanni and Malayalam masam,Malayalam
0,mal_0161.wav,Kozhikode Nagaram ilake 962,Malayalam
0,mal_0162.wav,avhelna Mukha Jana Gana Mana Adhi,Malayalam
0,mal_0163.wav,Aadil Ninna anda udaharan,Malayalam
0,mal_0164.wav,Munna mat Aakraman Hotel Malabar rajakanya thiruvithamkoor rule,Malayalam
0,mal_0165.wav,Malayalam type,Malayalam
0,mal_0166.wav,pin a Tangle Kanch uthana aadharam Jano ki,Malayalam
0,mal_0167.wav,abe Kurian keralathile pakshikal nanartham Naal,Malayalam
0,mal_0168.wav,riddle where to nilkunna da Onam Mataram,Malayalam
0,mal_0169.wav,Kerala Sahitya Academy Award nediya Kriti,Malayalam
0,mal_0170.wav,reference ok English Vicky London,Malayalam
0,mal_0171.wav,crystal mother Vishwas Eagle Christian Eagle in Kerala,Malayalam
0,mal_0172.wav,Bharat Indus vanthum Satyam Anaconda uddeshy kinnar,Malayalam
0,mal_0173.wav,vadakkan paravoor general Janam Kundali,Malayalam
0,mal_0174.wav,ella prashnegalu hivade samvad,Malayalam
0,mal_0175.wav,Tara Dil Na Dariya Dhanya Dhanya,Malayalam
0,mal_0176.wav,idhar Tangled sontham pay Jana,Malayalam
0,mal_0177.wav,English vi Khel ithal under general,Malayalam
0,mal_0178.wav,swantham ennu parayan vithyasam Mataram,Malayalam
0,mal_0179.wav,Thalassery brennen college Malayalam Sahitya master virutham need,Malayalam
0,mal_0180.wav,feveral Panipat Vibhag angle,Malayalam
0,mal_0181.wav,killer Wikipedia Bengali organ tunggal kar avasyamundu,Malayalam
0,mal_0182.wav,Mel per another Niyam sanskardham Kodaikanal,Malayalam
0,mal_0183.wav,daivam Nammal Tanya Enna En Aanandham viswasam,Malayalam
0,mal_0184.wav,inadina ask Sadharan nirangal upyogi,Malayalam
0,mal_0185.wav,vividha bishangarh,Malayalam
0,mal_0186.wav,orthodox suriyani Sabha Today Urdu Vibhag,Malayalam
0,mal_0187.wav,Kerala Thulasi thalangal Enna Puthu Ulagam unda ki,Malayalam
0,mal_0188.wav,8 Pudhu mukham Enna Varum Pengal padam,Malayalam
0,mal_0189.wav,Kavita vyakti Kavi n vilikkunna,Malayalam
0,mal_0190.wav,Kerala Kannur Jilla Orissa Patnam mattannur,Malayalam
0,mal_0191.wav,In The samvadam Protector Chaudhari,Malayalam
0,mal_0192.wav,Kozhikode Jile Le random Baliya Pattanam Aana,Malayalam
0,mal_0193.wav,hi wale atom Pradhanmantri Wayanad Jilla,Malayalam
0,mal_0194.wav,idhar Vicky ki vendi lekhanam Allah,Malayalam
0,mal_0195.wav,party any peralam hi vibhagam Silai Dangal Arya padam,Malayalam
0,mal_0196.wav,cricket logo ka bhavishya Haryana Mangal cricket logo,Malayalam
0,mal_0197.wav,Pudiya hatheli per Le bhi kunware Mataram,Malayalam
0,mal_0198.wav,navakal Vivek 51 adhigam karangal undu,Malayalam
0,mal_0199.wav,Sindhu Nadi samskaram Neela ninnakalum Aradhana chethunu pathigam sthalangal,Malayalam
0,mal_0200.wav,Wikipedia Bengali organ tunggal ka ending with I am avasyamundu Nani,Malayalam
0,mal_0201.wav,e Samaya Tana Tan De Sahitya jeevitham Radhe Ham Aam Wiki,Malayalam
0,mal_0202.wav,idhar Malabar British Pradhan se nikal Kendra Mai Mari,Malayalam
0,mal_0203.wav,lekin Bhasha Anna Bhagam makke Varun pruthi,Malayalam
0,mal_0204.wav,taylorville Eknath Shinde samvadam,Malayalam
0,mal_0205.wav,cluster langol bharanakoodam nerathu Krishi nadathi,Malayalam
0,mal_0206.wav,Kshetra ke Pradhan Pratishtha Vishnu Aana,Malayalam
0,mal_0207.wav,oxigen wallet allowable Jal lekhan,Malayalam
0,mal_0208.wav,nanartha angle Enna peril Oru Ulagam Neverland,Malayalam
0,mal_0209.wav,adinda Malayalam pair Dhyan chair to another Mataram Bhartiya Vidyashram,Malayalam
0,mal_0210.wav,Anjaneya pattikonda and ganam,Malayalam
0,mal_0211.wav,shizu paranjatha lugal Malayalam Illa another Sheraton,Malayalam
0,mal_0212.wav,Gyan Swayam varacha chithrangal Tanya,Malayalam
0,mal_0213.wav,Chade kar New England Chitrangada category,Malayalam
0,mal_0214.wav,keralathile pakshikal in navakal Vivek Shiksha adhigam ka,Malayalam
0,mal_0215.wav,Dangal Ananda Sambad till Pol Lekin samvadam,Malayalam
0,mal_0216.wav,Sams Karigar Sangathan Sambhav Nagar,Malayalam
0,mal_0217.wav,prabanjathil atom kuruvilla oxygen,Malayalam
0,mal_0218.wav,Ek shetratil Pratishtha Krishnan Aana,Malayalam
0,mal_0219.wav,report Kerala Sahitya Academy president,Malayalam
0,mal_0220.wav,n vibhagam Bhavishya Mila in Urdu,Malayalam
0,mal_0221.wav,Nikam chahie Rudra in nana and abhipraya,Malayalam
0,mal_0222.wav,Saint George Fort in iron repair,Malayalam
0,mal_0223.wav,Kanata aksharangal niravadhi Telugu girl under Suchi pic,Malayalam
0,mal_0224.wav,Akbar and navakal Vivek Shiksha adhigam Ka Anda,Malayalam
0,mal_0225.wav,abe Kursi Kshetra mnana Tangle,Malayalam
0,mal_0226.wav,Kollam Jile Le O Re Chiraiya Gramin,Malayalam
0,mal_0227.wav,Agni Varun football ennil American football Anna Nagar,Malayalam
0,mal_0228.wav,idhar Arabi bhasha pratyek,Malayalam
0,mal_0229.wav,Mughal Samrajya tinder Bhagam Hyderabad Swatantra Prabhat,Malayalam
0,mal_0230.wav,paristhithi prashnangal,Malayalam
0,mal_0231.wav,Chade galiya Talab Katta Mati Salim Ali anarchy,Malayalam
0,mal_0232.wav,Puri Mein Laga energy and pay Jugal karna padam,Malayalam
0,mal_0233.wav,Kerala Sahitya Academy Kendra Sahitya akadami Puraskar angle,Malayalam
0,mal_0234.wav,malayalathil Mori software girl upyog,Malayalam
0,mal_0235.wav,swadesham keralathinte samskarika thalasthanam Thrissur,Malayalam
0,mal_0236.wav,chetram and navakal Vivek kya hona unnil adhigam ka in Mulund,Malayalam
0,mal_0237.wav,Idukki Jilla today Bhagya Maiya O Re Chiraiya Patna Mona Mona,Malayalam
0,mal_0238.wav,Akram Telugu girl Tula Agam Nigam,Malayalam
0,mal_0239.wav,Jhandu lekin Mangalam Grand i10,Malayalam
0,mal_0240.wav,Malayalam Wikipedia malayalathil Mataram sugar,Malayalam
0,mal_0241.wav,Assam Rajat India Dharti Ganga Aana,Malayalam
0,mal_0242.wav,GVK power madam Anna Nagar,Malayalam
0,mal_0243.wav,Adil makke aur Chat Pe Jo Kal Aana,Malayalam
0,mal_0244.wav,Raja the atom value Nagar,Malayalam
0,mal_0245.wav,abe Kuchh Aryan Akhbar naan ethinal,Malayalam
0,mal_0246.wav,eataly samvadam device rathiga,Malayalam
0,mal_0247.wav,Adobe Cherry Kudi parrot,Malayalam
0,mal_0248.wav,random at item coronavirus Ulala Ulala vidhanam,Malayalam
0,mal_0249.wav,Vakil sthalangal find the angle,Malayalam
0,mal_0250.wav,any Kaya Padi thodanga kalpalayam Allah,Malayalam
0,mal_0251.wav,chetram Meena vakkinal Vivek Shiksha,Malayalam
0,mal_0252.wav,Khuda De mat dharalam vidyabyasa 57 angle Shiva diamond,Malayalam
0,mal_0253.wav,Kshetra Mein pradan Pratishtha Shri Ram enkilum Kshetra Hanuman shetram in Anand,Malayalam
0,mal_0254.wav,Delhi Sansthan and moon Maithili girl on New Delhi,Malayalam
0,mal_0255.wav,abe sambar in upyog,Malayalam
0,mal_0256.wav,Tangle upyogi ki Nagar fond Anand,Malayalam
0,mal_0257.wav,English Faisal viruddh Anand virutham Ne dete unda,Malayalam
0,mal_0258.wav,idhar Chalakudy today Tirth,Malayalam
0,mal_0259.wav,Karnan poulton English Vikalp login shared service ticket Patel,Malayalam
0,mal_0260.wav,old Innova Canal Vivek Shika,Malayalam
0,mal_0261.wav,evideyum Tangled sambhavangal error prediction,Malayalam
0,mal_0262.wav,podhu Aaye vivarangal everyday Nikhil karna,Malayalam
0,mal_0263.wav,keralathile Oru Jilla thalasthanam Kottayam Nagaram,Malayalam
0,mal_0264.wav,additional end Jatti end Joli end,Malayalam
0,mal_0265.wav,Karnan adhyam Ustad Aana,Malayalam
0,mal_0266.wav,Sansthan ke Jhanda mat Baliya Patna Mana Mysore,Malayalam
0,mal_0267.wav,abe Kuchh Aryan moolam naan ethinal,Malayalam
0,mal_0268.wav,illatha Oru Kaalam En rathiriyil matam,Malayalam
0,mal_0269.wav,Muvattupuzha Kerala,Malayalam
0,mal_0270.wav,thiruvithamkoor Raja Thanda Bhagam Bhag,Malayalam
0,mal_0271.wav,e Lekha Naam Hai Re Mai lipik 962,Malayalam
0,mal_0272.wav,hello Varsham February March college Nallakunta,Malayalam
0,mal_0273.wav,yadhartha Naman Allah English Vakil,Malayalam
0,mal_0274.wav,Ek shetratil Pratishtha Maha Vishnu Aana,Malayalam
0,mal_0275.wav,Eid al-adha Vendum endru Chacha Shiva natak,Malayalam
0,mal_0276.wav,Aditya kal Hindu chithrangal Matrimony vidhanam,Malayalam
0,mal_0277.wav,Gyan alekhan Annam Karya Mein Chale,Malayalam
0,mal_0278.wav,old Innova kal Vivek Shiksha hona adhigam karyangal unda,Malayalam
0,mal_0279.wav,English Vicky Le Niyam wala,Malayalam
0,mal_0280.wav,Simi idhar Palakkad jillella arudam on,Malayalam
0,mal_0281.wav,edakkunnu Mel paraayaa kar number,Malayalam
0,mal_0282.wav,lekhanam Nalla Oru manushyan on,Malayalam
0,mal_0283.wav,Mysore Anna bacchanal Vivek camp,Malayalam
0,mal_0284.wav,Ileana Pratinidhi,Malayalam
0,mal_0285.wav,Suriyan and Nakshatram in Vishay Haryana mingle Suriyan kannathal kanuda,Malayalam
0,mal_0286.wav,Kottayam Anna bacchanal in Hindi,Malayalam
0,mal_0287.wav,Vicky number Lalita lunda ki Koyal mathramalle upyogita,Malayalam
0,mal_0288.wav,Wikipedia Lekar lekin angle upyogi Ki Vande Mataram upload chahie,Malayalam
0,mal_0289.wav,Kozhikode Chehra Samrajya,Malayalam
0,mal_0290.wav,even the neelam a Ganesan Puri metre karna,Malayalam
0,mal_0291.wav,hi Vibhag clay Pradhan lekhan vratam,Malayalam
0,mal_0292.wav,Vivek Gurjar old narthangai in Kannada,Malayalam
0,mal_0293.wav,Mohammad Quran Mohammad in adhyay,Malayalam
0,mal_0294.wav,moolam navakal Vivek Shiksha unnil adhigam ka Ring Road Honda,Malayalam
0,mal_0295.wav,Pratishtha in navakal Vivek kya hona adhigam Karya Launde,Malayalam
0,mal_0296.wav,pattambalam Nutan Dil thiruthangur Parichay Raja,Malayalam
0,mal_0297.wav,Syrian Malabar Christian girl Saint Thomas christian suriyani christian Eagle Pala Peru Shiva Arya padam,Malayalam
0,mal_0298.wav,Honey Goli Kyon Nalla Chitram Thane,Malayalam
0,mal_0299.wav,Ek Kariya till end alien nirdeshan Siddhant,Malayalam
0,mal_0300.wav,Mysore Karnataka Sansthan Athira Pattanam,Malayalam
0,mal_0301.wav,in the nayi parivadi manasilayilla,Malayalam
0,mal_0302.wav,Pata Mahesh Shastriya Sangeetham Abhishek chutkula,Malayalam
0,mal_0303.wav,our everyday Oru Kota Pani do,Malayalam
0,mal_0304.wav,Ek collector Kozhikode samudri Raja ke,Malayalam
0,mal_0305.wav,State Bank of India Aravali Shakha Fort Road Mulund,Malayalam
0,mal_0306.wav,Tangle vivarthanam cheyyunna padangal ullangal,Malayalam
0,mal_0307.wav,Vivek Gurjar Prathista nanartha angle,Malayalam
0,mal_0308.wav,Victor anusharan in French,Malayalam
0,mal_0309.wav,vratham anava Canal in the Vivek Shiksha,Malayalam
0,mal_0310.wav,Nagrik Le atom process kamaya Vinod sanjara kendrangal owner,Malayalam
0,mal_0311.wav,gyan Hindi Bengali any bhasha,Malayalam
0,mal_0312.wav,namuk editor chahie Nokia cheyyanam Sadiq,Malayalam
0,mal_0313.wav,Eid Gonda Nalla Yogam unda,Malayalam
0,mal_0314.wav,11 prathirodham,Malayalam
0,mal_0315.wav,Kannur Kotta Kotta Arya padam,Malayalam
0,mal_0316.wav,Pol party Sansthan Samadhi Hungama,Malayalam
0,mal_0317.wav,Eid ul koduthalum girls magilal,Malayalam
0,mal_0318.wav,Perumal Samiti Nallur Thane,Malayalam
0,mal_0319.wav,Karnataka Sansthan in Mysore in Urdu,Malayalam
0,mal_0320.wav,awasana Walker hydro power nambudiri,Malayalam
0,mal_0321.wav,are Nayak kannapiran upyog,Malayalam
0,mal_0322.wav,Kartika Naal Mudhal 8 devasam Nada,Malayalam
0,mal_0323.wav,Si Bhasha swadheenam computer Bhasha girl,Malayalam
0,mal_0324.wav,voted pathagam in Rio supporting and Shraddha,Malayalam
0,mal_0325.wav,other Bayan Aurat Lok Sabha Enna lake kuthaunda,Malayalam
0,mal_0326.wav,keralathil Idukki Jile aur Gramin,Malayalam
0,mal_0327.wav,Ada chumku 12 upyogi ke padhne,Malayalam
0,mal_0328.wav,in Tamil manam ninaithal HD,Malayalam
0,mal_0329.wav,Marathi navakal vruksh kya hona unnil adhigam ka in Mulund,Malayalam
0,mal_0330.wav,Nilgiri Jile Krishi muthathil thirakum,Malayalam
0,mal_0331.wav,Adil in Noida thalagam Martin,Malayalam
0,mal_0332.wav,Nayar Innova in other Kerala pair Aana,Malayalam
0,mal_0333.wav,Kottayam Jilla Gramam nedungunam,Malayalam
0,mal_0334.wav,criminal Poorna Roopam pravachan,Malayalam
0,mal_0335.wav,Malabar Pradesh angle Mappila upyog karna,Malayalam
0,mal_0336.wav,Salem Jilla asthanam Salem Nagaram,Malayalam
0,mal_0337.wav,Aadha idhar Anil Kundal Kundal Kundal,Malayalam
0,mal_0338.wav,Baki ok moonbow paranjathu Tanya,Malayalam
0,mal_0339.wav,POC Bible on,Malayalam
0,mal_0340.wav,Aadha Bole Mangalam Nadi Mangalam Nadi Anushree,Malayalam
0,mal_0341.wav,engane Oru Varthai sollada,Malayalam
0,mal_0342.wav,Abhay Gurjar Sunnat nanartha angle in Kannada,Malayalam
0,mal_0343.wav,chiller Pradesh angle Mataram kuruthikalam,Malayalam
0,mal_0344.wav,Devan Enna Oru Nilavu dhundho,Malayalam
0,mal_0345.wav,yakobaya Anna prayogam Sadharan suriyani orthodox Sabha village varuna Pairon,Malayalam
0,mal_0346.wav,enel Simi owners,Malayalam
0,mal_0347.wav,in the English Wikipedia Tal everyday labman,Malayalam
0,mal_0348.wav,pakshi Apurva Prasanna Munda,Malayalam
0,mal_0349.wav,Madhu ab nature chalachitram Aana Hrudayam Kurukshetra,Malayalam
0,mal_0350.wav,Siju Naan Enna marantha poluthum,Malayalam
0,mal_0351.wav,Sunnat e navakal vruksh kya hona only adhigam Kareena Londa,Malayalam
0,mal_0352.wav,abe Kuchh Aryan Muslim nanartham girl,Malayalam
0,mal_0353.wav,Vivek Gurjar Marathi naan ethinal,Malayalam
0,mal_0354.wav,football Kali river Island,Malayalam
0,mal_0355.wav,Bhoomi Mele atom kurti Silai karna padhne Loha Marna,Malayalam
0,mal_0356.wav,adhiseshan Tangle ka chitran upload se,Malayalam
0,mal_0357.wav,iniyum Oru Naal Lake Pradeep chicken,Malayalam
0,mal_0358.wav,Rajasthan the Sanskar ka Kendra Mana Pradesh,Malayalam
0,mal_0359.wav,Oru pothu eperana Samanya Naam,Malayalam
0,mal_0360.wav,Surya Ne annava Canal Vivek Shika,Malayalam
0,mal_0361.wav,keralathinte mukhyamantri ke,Malayalam
0,mal_0362.wav,licence aagam Eppadi irukku,Malayalam
0,mal_0363.wav,Puthiya lekhanam tarangan lekhan Tiranga n Ling ki comedy,Malayalam
0,mal_0364.wav,where I am Erica Avadh Hrithik antonela,Malayalam
0,mal_0365.wav,idhar pura Dena karlamunda Hyundai no,Malayalam
0,mal_0366.wav,Chitra karyathil Orissa,Malayalam
0,mal_0367.wav,Jumma Muslim a navakal Vivek kya hona Anil adhigam Karya Nalgonda,Malayalam
0,mal_0368.wav,aadinaal Malayalam Wiki pratyagaman chithrangal upload chahie and ambition,Malayalam
0,mal_0369.wav,evening arm pet,Malayalam
0,mal_0370.wav,hey Tumkur Loha Marna arumbu,Malayalam
0,mal_0371.wav,ennil mathramalla uddesham,Malayalam
0,mal_0372.wav,Marathi Innova Canal Vivek Shika,Malayalam
0,mal_0373.wav,Priya Subrat Tangled nalkiya Marwadi Shraddha,Malayalam
0,mal_0374.wav,lekhanangal iniyum Nanna can't Shramik jaseem,Malayalam
0,mal_0375.wav,abe Kurian Neram nanartha null,Malayalam
0,mal_0376.wav,Apple wala adhigam chithrangal coronavirus virus Mumbai,Malayalam
0,mal_0377.wav,Humne Nokia Floran kulkul adhigam sanyukt angle kondagaon,Malayalam
0,mal_0378.wav,madhukunda Calicut to Marthandam n Anand abhipray,Malayalam
0,mal_0379.wav,codedfilm Arabi na Mangal upyog Srinagar,Malayalam
0,mal_0380.wav,Vardan Lok Ashram Thane,Malayalam
0,mal_0381.wav,daivathinte Amma Enna Nee padalu artham,Malayalam
0,mal_0382.wav,idhar Chiloda,Malayalam
0,mal_0383.wav,Kerala Sangeetha Chakravarthy n Arya padam,Malayalam
0,mal_0384.wav,yah Vakya Tirupati Adnan thalparyam,Malayalam
0,mal_0385.wav,hidden Puram Kota puraskarangal,Malayalam
0,mal_0386.wav,Hip Hop Kerala klamath kudi,Malayalam
0,mal_0387.wav,ividuthe Pradhan utsavam Onam Aana,Malayalam
0,mal_0388.wav,Helium flash in a prime no,Malayalam
0,mal_0389.wav,pakshi ilake Naam Malayalam Vicky kalvanin kadhali padam,Malayalam
0,mal_0390.wav,Churake Qatil internet upload,Malayalam
0,mal_0391.wav,niyamangal siriano in some shame,Malayalam
0,mal_0392.wav,could the lime sums crudum iron upyog,Malayalam
0,mal_0393.wav,boat Google Wiki editor Google nadathunna program Aana,Malayalam
0,mal_0394.wav,Aadha Ghanta aadami kam Chale,Malayalam
0,mal_0395.wav,Madhyam madeenayile police thavichu,Malayalam
0,mal_0396.wav,Adhu Idhu Oru Nalla Nikam Thane,Malayalam
0,mal_0397.wav,idhar ke Angana ki garam Saiya chacha avashya,Malayalam
0,mal_0398.wav,Panda Vada Manasa reinventing Panda and 3rd ki,Malayalam
0,mal_0399.wav,Pratiyogita aur abhi Prime hi nahin mila,Malayalam
0,mal_0400.wav,inter ka samvad amtali Sandesh,Malayalam
0,mal_0401.wav,Sathi Anna vakkinal in Hindi,Malayalam
0,mal_0402.wav,Uda Upar Upar Kavita any Taluka,Malayalam
0,mal_0403.wav,Eid Indian orthodox abhayam malankara suriyani orthodox abhayam upyogi Kannu,Malayalam
0,mal_0404.wav,prabanjathil ethum kodwell kanapada mulakum hydrogen,Malayalam
0,mal_0405.wav,had dinner liquor bottle vector Mayur Niyam avashya Mana,Malayalam
0,mal_0406.wav,play ju Deva Sharif reference code,Malayalam
0,mal_0407.wav,budhan Anna bacchanal Tarapur in Hindi Vivek camp,Malayalam
0,mal_0408.wav,Thrissur and Naal Pattanam Aana number uddeshika,Malayalam
0,mal_0409.wav,Chitram upload chahie iniyum Sath Kim,Malayalam
0,mal_0410.wav,idhar chandranil Kannan pattu in Pol some CM,Malayalam
0,mal_0411.wav,Telugu chair Valiya prashnam kananilla,Malayalam
0,mal_0412.wav,any pravarthanam,Malayalam
0,mal_0413.wav,idhar and Anand Kudi Nanna,Malayalam
0,mal_0414.wav,Vasudevan Nair Malayalam novel,Malayalam
0,mal_0415.wav,Neram Enna vakkil Divyanshi kya hona only adhigam karangal undu,Malayalam
0,mal_0416.wav,Malayalam movie upyogi kyon,Malayalam
0,mal_0417.wav,ingane Oru lekhanam vendor in nana abhi Prime,Malayalam
0,mal_0418.wav,ividuthe pradhana Krishi rubber,Malayalam
0,mal_0419.wav,Swami irikkunna Jo Botal Aana Pratima Nirmal,Malayalam
0,mal_0420.wav,lekin Blu-ray my Le pic 962,Malayalam
0,mal_0421.wav,Akshay itrams visheshangal Vishal meri dil Varnam,Malayalam
0,mal_0422.wav,Anna Kendrick Aadil reference,Malayalam
0,mal_0423.wav,take a India ATM pressure system Aaya Ganpati banana,Malayalam
0,mal_0424.wav,Wiki chitrangal upload same,Malayalam
0,mal_0425.wav,yah Dil aur Karana Gyan Param,Malayalam
0,mal_0426.wav,tanglewood RD pareekshanam wala Vijayanagaram,Malayalam
0,mal_0427.wav,Hindi vyavsay Ka Tala sthanam Enna peralam,Malayalam
0,mal_0428.wav,they had in the Chilla pustak cherukunnu,Malayalam
0,mal_0429.wav,yah lekhan Bible enale Kanu my live cricket,Malayalam
0,mal_0430.wav,I need a padam lingchi Dal Madhi,Malayalam
0,mal_0431.wav,Ente kayyil onnum Illa ponnum Illa,Malayalam
0,mal_0432.wav,Niyam and abaki Naal Hindi name,Malayalam
0,mal_0433.wav,Mohammed Peer Mohammed in Peer,Malayalam
0,mal_0434.wav,are you Nalgonda Sama Dangal Wiki avasyamundu,Malayalam
0,mal_0435.wav,Chitra sanyojan,Malayalam
0,mal_0436.wav,add Gonda Naal varshatil Oracle February Masa Til Oru divasam athigam cherukunnu,Malayalam
0,mal_0437.wav,Simi Eid Mangalam Dam Aana,Malayalam
0,mal_0438.wav,koduthal vivarangal Lethal,Malayalam
0,mal_0439.wav,lekhan Islam in 162,Malayalam
0,mal_0440.wav,John Nehru tunnel Gaya Mantri Sabha nilavil 1,Malayalam
0,mal_0441.wav,atom editor Patnam Kozhikode Patna Mana,Malayalam
0,mal_0442.wav,Gyan Kurukshetra Malayalam kavithakal,Malayalam
0,mal_0443.wav,cotton avadhi communist urali medical,Malayalam
0,mal_0444.wav,Pravin innallu paripadi,Malayalam
0,mal_0445.wav,Vivek Gurjar Madhu Nana,Malayalam
0,mal_0446.wav,punnagail sathyavedapusthakam in Palayam ullangal Bible,Malayalam
0,mal_0447.wav,Adina Uttam udaharan Malayalam Wiki,Malayalam
0,mal_0448.wav,any care koduthal Adhinayak,Malayalam
0,mal_0449.wav,see me everyday at the game changer,Malayalam
0,mal_0450.wav,ending eluthukkal Kaun Dal De,Malayalam
0,mal_0451.wav,logit irumba Kari Naal koothu Loha Mana aluminium,Malayalam
0,mal_0452.wav,Tangled Wikipedia Lekar window Swagatham chahie,Malayalam
0,mal_0453.wav,Sanskrit Sahitya till viruddh Anand virutham Ne deta adhyam,Malayalam
0,mal_0454.wav,Ernakulam Jile Le,Malayalam
0,mal_0455.wav,Vicky lagnatil Mukunda vimarsh Nangal other Mori Mata,Malayalam
0,mal_0456.wav,Kottayam Jile Le Pradhan Patnam vaikkom,Malayalam
0,mal_0457.wav,Murali and repair Lana Sadharan Arya padam,Malayalam
0,mal_0458.wav,aavedan ki Pudiya,Malayalam
0,mal_0459.wav,Mathura Tamil Nadu Oru melliya pattanama,Malayalam
0,mal_0460.wav,kodal vivarangal even in lab cube,Malayalam
0,mal_0461.wav,Mandalam anava canal,Malayalam
0,mal_0462.wav,in the Aalu Malayalam Wiki Nalla Oru Ganam kudi,Malayalam
0,mal_0463.wav,Akshay aadhunik in autumn Arya Villa,Malayalam
0,mal_0464.wav,hello tum kaun,Malayalam
0,mal_0465.wav,adinda samvaddata cherukunnam envisaged,Malayalam
0,mal_0466.wav,Bharatpur Tirth Pattanam,Malayalam
0,mal_0467.wav,Amrit a file name yevade upyogita,Malayalam
0,mal_0468.wav,hatem aduthulla railway station Palakkad to Thrissur,Malayalam
0,mal_0469.wav,vishudhayam enana Eva kandathum,Malayalam
0,mal_0470.wav,Pudhiya maatrangal sothuga mattullavarude pravarthanangal manasilakkan Sathi,Malayalam
0,mal_0471.wav,dangle Wikipedia Mega 7 Ramana nalco Nagar,Malayalam
0,mal_0472.wav,Bengali Innova Canal Vivek camp,Malayalam
0,mal_0473.wav,keralathile pradhana Vinod sanjara Malampuzha anicut,Malayalam
0,mal_0474.wav,other Congress Hai kam in,Malayalam
0,mal_0475.wav,anumandal anwar-ul-uloom communist Shakti Kendra Mana,Malayalam
0,mal_0476.wav,Hill ko lekin thiruthalangal Honda,Malayalam
0,mal_0477.wav,Allah Hu Allah naat in Arabic padam daivam,Malayalam
0,mal_0478.wav,pakshi is in Onam paribhasha chitran,Malayalam
0,mal_0479.wav,mahashay Tangle Bhartiya mathangal swathu,Malayalam
0,mal_0480.wav,Pudhiya samvadam coding and every click,Malayalam
0,mal_0481.wav,Daya bhai aap vivarangal Patna chair cooker,Malayalam
0,mal_0482.wav,Euro play Tilak Bhaag Malayalam Christian Orissa CM cup,Malayalam
0,mal_0483.wav,Malayalam Vicky karyathil,Malayalam
0,mal_0484.wav,download Shradha prastuti,Malayalam
0,mal_0485.wav,everyday Ullah Palangal,Malayalam
0,mal_0486.wav,alpura Jile Pattanam Chengannur,Malayalam
0,mal_0487.wav,Karya Vicky udana udana,Malayalam
0,mal_0488.wav,Bangali Ahmedabad ka vruksh kya hona Anil adhigam Karya Nalgonda,Malayalam
0,mal_0489.wav,pin a padam Shiju eduthu,Malayalam
0,mal_0490.wav,idhar Oru Vinu the Sun Jara Gana Mana,Malayalam
0,mal_0491.wav,Malayalam ennil 1 protector chahie,Malayalam
0,mal_0492.wav,Eid Adha chithrangal,Malayalam
0,mal_0493.wav,Kottayam asthanam Archi patran pravartak,Malayalam
0,mal_0494.wav,Radhe Pravin enikkum Angana tone,Malayalam
0,mal_0495.wav,ithilum Evide poruno in,Malayalam
0,mal_0496.wav,world wide web internet wariana Namak Liberty another angle paraayaa,Malayalam
0,mal_0497.wav,Akshay Wikipedia sambandhit alarm study,Malayalam
0,mal_0498.wav,lekin Apna atay visham vendor chithrangal Mataram Vitthal Vitthal Modi and Nana end of April,Malayalam
0,mal_0499.wav,Mathur navakal Vivek Shaquille o'neal adhigam ka ring,Malayalam
0,mal_0500.wav,Kuran Ka Alam Konda Bharana parishkara rangle Shraddha ke Pattu,Malayalam
0,mal_0501.wav,Vivek Gurjar Mangalam naan ethinal kanuda,Malayalam
0,mal_0502.wav,Vakil lekhanam manasila come,Malayalam
0,mal_0503.wav,appal French ucharanam,Malayalam
0,mal_0504.wav,where Namakkal Gyan under ke page delete chyavana Rana,Malayalam
0,mal_0505.wav,Eid template,Malayalam
0,mal_0506.wav,Huawei Kurian Bangali nanartha null,Malayalam
0,mal_0507.wav,Teri Man Se Pare Matram Kandu,Malayalam
0,mal_0508.wav,ling ullangal tirtouga,Malayalam
0,mal_0509.wav,dayabhai samvadam Taal kanuda,Malayalam
0,mal_0510.wav,Kerala Kottayam Jilla Y kam Aana Nadu,Malayalam
0,mal_0511.wav,Thiruvananthapuram Jilla Oru gram Velli,Malayalam
0,mal_0512.wav,Gyan Chilla udaharan mangalpara new in Urdu,Malayalam
0,mal_0513.wav,pin a lekhan vivarangal chakarnagar lekhan I'm all mathramalla,Malayalam
0,mal_0514.wav,pin a idhar a alava kam karna Sada kam,Malayalam
0,mal_0515.wav,abe Uday Kendra tabla Tara Dum Dum,Malayalam
0,mal_0516.wav,logit Le 8 Neelam Kudiyan Adi Nile,Malayalam
0,mal_0517.wav,Delhi Anathalaya tanglewood thiruthal sirathu ka,Malayalam
0,mal_0518.wav,Pradhan kannigal,Malayalam
0,mal_0519.wav,Varsham torem nadakkunna Nehru Trophy vallamkali prasiddh Amman,Malayalam
0,mal_0520.wav,i l rajyangal my Chehra Raja kammar Yuddham Sharanam,Malayalam
0,mal_0521.wav,syromalabar katholika Sabha Talab,Malayalam
0,mal_0522.wav,Vera Mari navakal Vivek Shiksha Una only adhigam karyangal Kunda,Malayalam
0,mal_0523.wav,Pudhu mukham page sahayam Kandu,Malayalam
0,mal_0524.wav,English Wikipedia italco DY Cuba,Malayalam
0,mal_0525.wav,vallathol Nagar NR railway station namakaranam chedda Nagar,Malayalam
0,mal_0526.wav,abe Kurian deshabhimani nanartha angle kanuda,Malayalam
0,mal_0527.wav,Mangalam and navakal Vivek only adhigam Kareena lunda,Malayalam
0,mal_0528.wav,Puthiya niyamam undagum,Malayalam
0,mal_0529.wav,Jaan aap peyjal Koi Noor Ki,Malayalam
0,mal_0530.wav,Oru Puthiya prashnam Gyan under Cantt Agra Tundla,Malayalam
0,mal_0531.wav,angulam enikku Oru cheriya Shyam Shyam Kund,Malayalam
0,mal_0532.wav,sadhayam star picture add pallikkal Ravana,Malayalam
0,mal_0533.wav,Aadu my bandhapetta Oru PDF file undayirunnu,Malayalam
0,mal_0534.wav,avart Niyam chitran Namak matam,Malayalam
0,mal_0535.wav,Kannada Mexico in America IL rajyangal,Malayalam
0,mal_0536.wav,Dakshina Europe Le aur yah Jamana Italy,Malayalam
0,mal_0537.wav,Periyar taragam n dinner Bhagat,Malayalam
0,mal_0538.wav,lagnatil everyday Telugu,Malayalam
0,mal_0539.wav,Vivek Gurjar ke Meena Dangal,Malayalam
0,mal_0540.wav,aadima kraistava Sabha Mata Mata,Malayalam
0,mal_0541.wav,Vivek Gurjar viral Mor Nana,Malayalam
0,mal_0542.wav,jaan ethanal and abhiprayam Rekha padati Tunda,Malayalam
0,mal_0543.wav,Lakshya Sukhi Stri Dada Tum serial,Malayalam
0,mal_0544.wav,Radhe Payal pramanam nilavil,Malayalam
0,mal_0545.wav,18 Vayasu Illa uddeshy,Malayalam
0,mal_0546.wav,deshabhimani in navakal vruksh kya hona 19 adhigam karyangal,Malayalam
0,mal_0547.wav,pin Eid Madhyam Vitthal Angan Sunder situ,Malayalam
0,mal_0548.wav,Pol Palakkad to Baliya Jila n Anandi,Malayalam
0,mal_0549.wav,Balia Balia padam chakka,Malayalam
0,mal_0550.wav,e Lekha Naam Ni kam chahie thalparyam,Malayalam
0,mal_0551.wav,Malayalam Wikipedia in peril Jungle login,Malayalam
0,mal_0552.wav,Amma Ennum Ente daivam Ente daivam,Malayalam
0,mal_0553.wav,Kidhar penida Euro film Praja Ram Reddy,Malayalam
0,mal_0554.wav,other end Gonda chedu University karna Mana Eid,Malayalam
0,mal_0555.wav,block Vaanam enthan abhipraya,Malayalam
0,mal_0556.wav,Jile urf Pradhan Vinod Sanjay August 22 Salem,Malayalam
0,mal_0557.wav,aadinaal Eid Walia prashnam Allah,Malayalam
0,mal_0558.wav,deshabhimani in Hindi name,Malayalam
0,mal_0559.wav,Chemmeen and navakal vipaksh 51 unnil adhigam karyangal unda,Malayalam
0,mal_0560.wav,adenium Idukki Jilla iron-on keralathile ettavum Valiya Jilla,Malayalam
0,mal_0561.wav,ilakanam arianne lekhan my live Vigyan Subah sacche,Malayalam
0,mal_0562.wav,owner and pair Kudi admin jivanu angle Nanna,Malayalam
0,mal_0563.wav,cheria aur udaharan M Tare kurukunnu,Malayalam
0,mal_0564.wav,varshatil rand pravesam ulsavam,Malayalam
0,mal_0565.wav,cal Kaalam Oru bureaucrat Modi and Nana end of Abraham,Malayalam
0,mal_0566.wav,ke dhakkan Pakistan Hindustan product,Malayalam
0,mal_0567.wav,end a killer in Anand,Malayalam
0,mal_0568.wav,e tablet Gyan Chalakudy Angamaly any page upayogichu,Malayalam
0,mal_0569.wav,Bhagavathi Pradesh Pradhan Devi Aana,Malayalam
0,mal_0570.wav,Wikipedia Dangal Dangal Dangal Om Vithala sahayam avasyamundu Malayalam type in Narela,Malayalam
0,mal_0571.wav,English Sahitya till master birudev Ne Di,Malayalam
0,mal_0572.wav,aadinaal Tanya Chitra Taal Tirupati vivarangal Chitra,Malayalam
0,mal_0573.wav,shivanya magana Iyyappan Anna viswasam,Malayalam
0,mal_0574.wav,shakthan thampuran the collector Chalakudy Vikas pravarthanangal kodalu,Malayalam
0,mal_0575.wav,vishudha grandham crystal madam IL 162,Malayalam
0,mal_0576.wav,Ye lekhnath Chengannur Taluk Le grammangal Pandalam Enna Raagam paadava ki,Malayalam
0,mal_0577.wav,onion nerut alaporan,Malayalam
0,mal_0578.wav,chandranil antariksham Illa in parayanam,Malayalam
0,mal_0579.wav,what program untangle Nanna irakkam,Malayalam
0,mal_0580.wav,delete cheytha Bhagal cherukunnu,Malayalam
0,mal_0581.wav,end Oru aagraham paranu in Mataram,Malayalam
0,mal_0582.wav,Alla Nammal conduct and prayojanam,Malayalam
0,mal_0583.wav,Andhera abhipray samvadam peyjal Rag Prati Tunda,Malayalam
0,mal_0584.wav,manushya Chandrani poet shesham Aana idhar na Mari,Malayalam
0,mal_0585.wav,Bible paribhasha on Kerala katholika Sabha upayogikkunna,Malayalam
0,mal_0586.wav,Eid ul tirumanam dukaan patla,Malayalam
0,mal_0587.wav,abe Khurja Aryan vellum naan ethinal kanuda,Malayalam
0,mal_0588.wav,Kurukshetra vivaram chair ka naam,Malayalam
0,mal_0589.wav,Mangala tamashe jivanu covid-19 nerathil Rekha paduthundi,Malayalam
0,mal_0590.wav,Radhe Wikipedia bengali gaan Tangle kar ending with sahayam avashyamundu killer,Malayalam
0,mal_0591.wav,Mumbai Government Law College near Pratibha Mehdi,Malayalam
0,mal_0592.wav,andhe abhi Prem paranu in the Mataram,Malayalam
0,mal_0593.wav,Aadil Sujana Enna artham kunthirikkam,Malayalam
0,mal_0594.wav,chiller abhipray angle,Malayalam
0,mal_0595.wav,other Emporium today,Malayalam
0,mal_0596.wav,mahashay samvadam,Malayalam
0,mal_0597.wav,abe Kurien Paravur nanartha angle in Kannada,Malayalam
0,mal_0598.wav,Pudhiya camera,Malayalam
0,mal_0599.wav,killer Wikipedia bengali gaan Tangle kar ending with sahayam avasyamundu people avashya Mila,Malayalam
0,mal_0600.wav,Oru samskarika kendram Mana Gramam,Malayalam
0,mal_0601.wav,mitula abhipray angle dhundo,Malayalam
0,mal_0602.wav,Man On A snowy chitran sanvidhan anuchchhed,Malayalam
0,mal_0603.wav,Arabi navakal lyrics only Lathi gum karyangal,Malayalam
0,mal_0604.wav,Ayodhya divasam lekhanam Prasiddhi ka samay,Malayalam
0,mal_0605.wav,Enna enda Konda saamp bichhu in per yoga,Malayalam
0,mal_0606.wav,pakshi Yaadein peril Oru redirect page nilavil,Malayalam
0,mal_0607.wav,Adina Manchitra per ramawati chithrangal illatha chitran chair,Malayalam
0,mal_0608.wav,edakkunnu check user nadapadi people in end,Malayalam
0,mal_0609.wav,Kerala karshika sarvakalasala,Malayalam
0,mal_0610.wav,evident why do the Oberoi Bangalore,Malayalam
0,mal_0611.wav,logit Le Nilam Kudiyan Adigal on Nana,Malayalam
0,mal_0612.wav,fooddel vivarangal Varum Bolt chair come,Malayalam
0,mal_0613.wav,other end sem Mata Ramana,Malayalam
0,mal_0614.wav,Wikipedia bengali gaan Alka vithula sahayam aavashyamundu aavashyamundu,Malayalam
0,mal_0615.wav,Aata Dil vivarangal chair Oru aamukham Kunda Kunda,Malayalam
0,mal_0616.wav,Jaan idhar Kore Kalam,Malayalam
0,mal_0617.wav,abe Kuchh Aryan vimaanam naan ethinal kanuga,Malayalam
0,mal_0618.wav,angulam avarude peyargal Kodi nirdeshak you know,Malayalam
0,mal_0619.wav,Ernakulam Jilla prachina Nagaram Paravur,Malayalam
0,mal_0620.wav,Abhay Kurian Arabi na narthangai in Kannada,Malayalam
0,mal_0621.wav,Mala mughal court system,Malayalam
0,mal_0622.wav,udaharan Itna Koriya in search,Malayalam
0,mal_0623.wav,Adil Nana Mugal paraamarsh angle 1,Malayalam
0,mal_0624.wav,ningalude Triangle parayu in,Malayalam
0,mal_0625.wav,Velli anava kal Vivek Shaquille o'neal adhigam Karya Nalgonda,Malayalam
0,mal_0626.wav,ilangai thairiyam I Puthiya lekhan thodangum,Malayalam
0,mal_0627.wav,Tangled manasil enthanu En Manasula,Malayalam
0,mal_0628.wav,Abhishek Thakur enik onnum ariyilla,Malayalam
0,mal_0629.wav,Enge Nee Oru Thalai Kavasam pratyek Illa,Malayalam
0,mal_0630.wav,merath upyog Chinnu other Emporium Sath you know,Malayalam
0,mal_0631.wav,lekin Khud vivarangal avasyamundu,Malayalam
0,mal_0632.wav,Varsham Anna bar Canal in the river camp,Malayalam
0,mal_0633.wav,Wikipedia bengali gaan Dangal film with avasyamundu Aalam Illa,Malayalam
0,mal_0634.wav,Uttarakhand Virk and Tania Tangled Varun enana chodiyam,Malayalam
0,mal_0635.wav,Anjaam vyavastha ka kam in Urdu,Malayalam
0,mal_0636.wav,pin a middle Kerala Buddha Charitra where namangal para,Malayalam
0,mal_0637.wav,people page in the neelam vallikudil Aana,Malayalam
0,mal_0638.wav,Eid number Padmavathi parasyam kodukkanam,Malayalam
0,mal_0639.wav,any ke offer price ward interior angle ethereum Martin,Malayalam
0,mal_0640.wav,yaar Pol India desiya padaga Enna Oru lekhan Kunda ki,Malayalam
0,mal_0641.wav,kottathil Eid Kothe Chad white sugar,Malayalam
0,mal_0642.wav,Berhampur in navakal vipaksh kya hona only Lathi gum Karya Nalgonda,Malayalam
0,mal_0643.wav,killer Wikipedia Bengali organ tunggal kar with avasyamundu Aalam Illa Nandi,Malayalam
0,mal_0644.wav,Jyotish Shastra lekhanangal ka gyan upyog Charanon,Malayalam
0,mal_0645.wav,George Bush kennewick Canal camp,Malayalam
0,mal_0646.wav,abe kurcha Riyan Vishnu naan ethinal,Malayalam
0,mal_0647.wav,Apollo enthan Amma Chef Wiki fandom,Malayalam
0,mal_0648.wav,rathanthal Kanni Koduku gathan,Malayalam
0,mal_0649.wav,Vinay Anda kya all-ireland abhipray parayunnu,Malayalam
0,mal_0650.wav,prashnam in Mulund,Malayalam
0,mal_0651.wav,Angad Ne konsa yoga another Saathiya Mela,Malayalam
0,mal_0652.wav,vimaanam in navakal Vivek kya hona kam Karya,Malayalam
0,mal_0653.wav,check user password in Dhanya theatre,Malayalam
0,mal_0654.wav,Wikipedia Bangali organ tunggal erangi thalla avasyamundu Aalam Illa,Malayalam
0,mal_0655.wav,IL 1 semi protector chair Agra,Malayalam
0,mal_0656.wav,Mohammed Ali India charithram Onnam Ragam,Malayalam
0,mal_0657.wav,George Bush and navakal vruksh kya hona Anil adhigam Karya,Malayalam
0,mal_0658.wav,Aadil Dayanand children National virtue in ullu,Malayalam
0,mal_0659.wav,Wikipedia log Indu nadakuthu in Kannada,Malayalam
0,mal_0660.wav,Amway Khurja Aryan veli nanartha null in Kannada,Malayalam
0,mal_0661.wav,single kuruppam pillar in,Malayalam
0,mal_0662.wav,mahashay and Kitty,Malayalam
0,mal_0663.wav,Palayam Vicky Vittu pogum,Malayalam
0,mal_0664.wav,any catered to Patti ellavarum in nordic semiconductor,Malayalam
0,mal_0665.wav,English Vikalp Pradhan Kunda,Malayalam
0,mal_0666.wav,nail ilake Mai Subah,Malayalam
0,mal_0667.wav,abe Khurja area George Bush nanartha angle in Kannada,Malayalam
0,mal_0668.wav,Eden the product Dhara Alam Charcha new,Malayalam
0,mal_0669.wav,avashya Mangal Mapla Malayalam in relay ghanan kudi,Malayalam
0,mal_0670.wav,Mahan Aaya Shogun Eid hagama irunnu,Malayalam
0,mal_0671.wav,middle finale Purna rashtriy niyantran company,Malayalam
0,mal_0672.wav,Nagaram pin need New Delhi in Arya Pattu,Malayalam
0,mal_0673.wav,Thevar vyakaranam ennal enthanu nokkuka,Malayalam
0,mal_0674.wav,ennil siriano in samasya Munda,Malayalam
0,mal_0675.wav,sanskari Karenge mahatva Sambhav Nagar Angamaly,Malayalam
0,mal_0676.wav,han material with gyanakosh Atal Adarsh area,Malayalam
0,mal_0677.wav,Malayalam Vicky valarunnu,Malayalam
0,mal_0678.wav,karanam amoruthali bi Latin,Malayalam
0,mal_0679.wav,power needed na Chilla prashnangal Mughal list,Malayalam
0,mal_0680.wav,idhar Adhe Hatna prashasti vedikuthu,Malayalam
0,mal_0681.wav,weather Palampur in the parikshan I'm avam,Malayalam
0,mal_0682.wav,other ok Tanya Yakub Sabha upyog in peyargal,Malayalam
0,mal_0683.wav,kodgal vivarangal Icha kanuda,Malayalam
0,mal_0684.wav,desi award Naal thavana Le Picchu,Malayalam
0,mal_0685.wav,aap Aaram arsham lekhan Mataram,Malayalam
0,mal_0686.wav,abe Kurian Viola nanartha angle in Kannada,Malayalam
0,mal_0687.wav,vayalar Alappuzha Jilla Gramam,Malayalam
0,mal_0688.wav,Vishnu navakal bhivashi kya hona unnil adhigam Kareena lunda,Malayalam
0,mal_0689.wav,adhigam padh legal Ullas salamanna Angamaly,Malayalam
0,mal_0690.wav,e tender peril Oru tharakam Agra,Malayalam
0,mal_0691.wav,Nalla Neram,Malayalam
0,mal_0692.wav,Malayalam Wiki ulladakkam Malayalam Onam,Malayalam
0,mal_0693.wav,edakkunnu Wikipedia Simmi Sambhav Nagar Nalgonda,Malayalam
0,mal_0694.wav,college Malayalam Adhyapak Jewellers,Malayalam
0,mal_0695.wav,Pala Naal Kariya Veendum Oru Puthiya Bhagam Kudi Cherthu,Malayalam
0,mal_0696.wav,Quran audio,Malayalam
0,mal_0697.wav,Dangal Pariyojna aashim Tanya any Kim,Malayalam
0,mal_0698.wav,Idhu Enna Oru pariharam Tamil pattu,Malayalam
0,mal_0699.wav,idhar suj pic user block left,Malayalam
0,mal_0700.wav,number Aditya Birla,Malayalam
0,mal_0701.wav,Kozhikode aduthulla Balam,Malayalam
0,mal_0702.wav,hualien navakal Vivek kya hona aur nilathai kam Karana launda,Malayalam
0,mal_0703.wav,Puthiya vivarangal share ellavarkkum nanni,Malayalam
0,mal_0704.wav,lekhnath in English padangal chair Kannada serial,Malayalam
0,mal_0705.wav,han De Bhole Nangal karna prashnangal ok third list chahie vah,Malayalam
0,mal_0706.wav,Karnan Malayalam still upayogikkunna padam,Malayalam
0,mal_0707.wav,in the personal ok list chahie,Malayalam
0,mal_0708.wav,Kochi Anda Rashtra women Balam aduthulla Viman Balam,Malayalam
0,mal_0709.wav,Adoor Kasaragod Kerala Kasaragod Jilla Pattanam,Malayalam
0,mal_0710.wav,ETA for fashion girl in my life,Malayalam
0,mal_0711.wav,abe Kurien prathirodham nanartha null,Malayalam
0,mal_0712.wav,idhar upyogi Chilla aur udaharan m ka naam,Malayalam
0,mal_0713.wav,Abhinandan angle Nakshatra Jignesh,Malayalam
0,mal_0714.wav,ilakanam and Anand Ekta Malala annadana vishayam,Malayalam
0,mal_0715.wav,Gyan ki Pariyojna Pati Gale Nalla Malayalam vakkukal eppeltone a n a,Malayalam
0,mal_0716.wav,Viola kennewick in Hindi Vivek Shikar,Malayalam
0,mal_0717.wav,any meghalay Pravin Niyam Ne De,Malayalam
0,mal_0718.wav,ennil Varuvaya Madhuban Charitra Namak labya Mela,Malayalam
0,mal_0719.wav,Samvida M parambariyam any walkable upyogi cam,Malayalam
0,mal_0720.wav,Hawa important Nanna pravartak ki,Malayalam
0,mal_0721.wav,fever aane gum vishisht gana,Malayalam
0,mal_0722.wav,Viola ke navakal Vivek Shiksha Adhikari Kareena lunda,Malayalam
0,mal_0723.wav,Madhyamam Arya padhne Oru Kavi aayirunnu,Malayalam
0,mal_0724.wav,aadinaal Teri Mati upload chahie hoga,Malayalam
0,mal_0725.wav,Kadhal Oru Vari polum eridan lekhan thoda OLX Ramesh Kannan la,Malayalam
0,mal_0726.wav,Pookkal charodham manjan Kunda,Malayalam
0,mal_0727.wav,13 Mai sambhavangal Guna upbhokta Kallu day,Malayalam
0,mal_0728.wav,pinni dula version Kerala Britishers vadinamma varuthu,Malayalam
0,mal_0729.wav,Prasad Agar Prasiddhi Varsham ine kodukkanam,Malayalam
0,mal_0730.wav,Gujarati ennava Canal in the river camp,Malayalam
0,mal_0731.wav,English bhi Khel ethers Hrithik yoga,Malayalam
0,mal_0732.wav,birthday Ham Hawa pagal thirudan turangi,Malayalam
0,mal_0733.wav,prathirodham in navakal Vivek Shiksha Anna unnil athigam Karya,Malayalam
0,mal_0734.wav,are bhai Gurjar Ian Gujarati nanartham,Malayalam
0,mal_0735.wav,if poem if they come in today I don't know,Malayalam
0,mal_0736.wav,any import code girl vishuddhi Ganam avashya Mila in,Malayalam
0,mal_0737.wav,Maharashtra Karnataka in Viviana Hill Sansthan,Malayalam
0,mal_0738.wav,upavasam in abaki Naal Tara Pariyojna in the name Vivek shikdum,Malayalam
0,mal_0739.wav,Syed Kudumbam Enna Payal Eid Arya padam,Malayalam
0,mal_0740.wav,Menon Aana people editor,Malayalam
0,mal_0741.wav,aap Pranam Ammi Uda kilkothur,Malayalam
0,mal_0742.wav,Kerala Bhasha Institute Thiruvananthapuram,Malayalam
0,mal_0743.wav,Islamic calendar 1962,Malayalam
0,mal_0744.wav,onion Koreo ke Tirupati,Malayalam
0,mal_0745.wav,aatham uchcharan in koduthal Modi,Malayalam
0,mal_0746.wav,English bhi Khel nadakkunna Kayam yelam Arivu innum Enna theriyala,Malayalam
0,mal_0747.wav,Gujarati Ahmedabad ka vruksh kya banaa unnil adhigam Kareena,Malayalam
0,mal_0748.wav,Lakshya English Vikalp,Malayalam
0,mal_0749.wav,other covid-19 Wyndham chodene chahiye Pattu,Malayalam
0,mal_0750.wav,Vivek Gurjar upavasam nanartha angle in Kannada,Malayalam
0,mal_0751.wav,pratyay ki ichcha Tangle ka Tangled thiruthalangal Karim,Malayalam
0,mal_0752.wav,Angamaly Rekha girl Enna pustakatil vachakam,Malayalam
0,mal_0753.wav,coaching in Dhanya club Arya,Malayalam
0,mal_0754.wav,Adil click redirect undakunna,Malayalam
0,mal_0755.wav,yedukondala janangaluku shakthan thampuran in village,Malayalam
0,mal_0756.wav,Gyan Pratiyogita abhiprayam Pariyojna la,Malayalam
0,mal_0757.wav,ki paribhasha De Naal I today,Malayalam
0,mal_0758.wav,devaswam Haryana Sarkar Ne return,Malayalam
0,mal_0759.wav,ulloor and navakal vruksh kya hona unnil adhigam karyangal,Malayalam
0,mal_0760.wav,upavasam and navakal vipakshi kya hona only Lathi gum Karya Nalgonda,Malayalam
0,mal_0761.wav,abe Kuchh Aryan ulloor nanartha angle in Kannada,Malayalam
0,mal_0762.wav,Shiva Graham Pinni shetratil sthapit,Malayalam
0,mal_0763.wav,Jacob barnett 99,Malayalam
0,mal_0764.wav,Indore in the computer and O Re Pola,Malayalam
0,mal_0765.wav,aur lekin vandalism Allah,Malayalam
0,mal_0766.wav,Jagathy Thiruvananthapuram Jilla Pradesh I'm,Malayalam
0,mal_0767.wav,college in Rewa,Malayalam
0,mal_0768.wav,Jaan Malayalam Wiki Uday pothu Nee paranju in Malappuram,Malayalam
0,mal_0769.wav,ullangal other matam,Malayalam
0,mal_0770.wav,ulloor anava Kenal Hindi Vivek shikam,Malayalam
0,mal_0771.wav,Periyar University Kurukshetra Haryana Nangal Periyar nanartha angle,Malayalam
0,mal_0772.wav,Kerala sarvakalasala thiruvithamkoor sarvakalasala Madras sarvakalasala in Hungama,Malayalam
0,mal_0773.wav,Bharatiya ganitha Shastra sambandhit le ganangal,Malayalam
0,mal_0774.wav,han upyogita Bhind English Wiki thiruthalangal ka naam,Malayalam
0,mal_0775.wav,Samsung Kundan Gale end samvadam page edit Z,Malayalam
0,mal_0776.wav,Karnataka Sangeetha film Hindustani Sangeet Pravin name,Malayalam
0,mal_0777.wav,Chalak Khud ki Khud Teri Kyon Na template to nokou,Malayalam
0,mal_0778.wav,annakshetra angle En idhayathil Tanya Nirmal,Malayalam
0,mal_0779.wav,Kshetra Navratri ulsavam pressure starman,Malayalam
0,mal_0780.wav,abhineta yalda dindewadi ki Bittu,Malayalam
0,mal_0781.wav,Oru karyam parayamo,Malayalam
0,mal_0782.wav,Akshay adalla Vicky Kaushal,Malayalam
0,mal_0783.wav,Itna I will area upakaranangal Onam avashya Mila,Malayalam
0,mal_0784.wav,Ruba In navakal vruksh kya hona unnil athigam karangal undu,Malayalam
0,mal_0785.wav,abe Kurian rubana narthangai in Kannada,Malayalam
0,mal_0786.wav,namuka ko tar tilson Guni anulekhan nerathu,Malayalam
0,mal_0787.wav,hi Pradesh Oru Puja gramathu avastha ka naam,Malayalam
0,mal_0788.wav,Wikipedia pravarthanangal wala Nani,Malayalam
0,mal_0789.wav,malayalathil Hindi Islamic prostonum in Palayam,Malayalam
0,mal_0790.wav,rubber and navakal Vivek Shiksha Anna unnil athigam karangal undu,Malayalam
0,mal_0791.wav,Akshay minute avsthi wale Eid poornamayum Sathyam Alla,Malayalam
0,mal_0792.wav,Bhoomi Mele Oru maasam our Oru divasam IGNOU,Malayalam
0,mal_0793.wav,e desha Nanna Nanna Vikram,Malayalam
0,mal_0794.wav,Chandi navakal Vivek Shiksha Una only Lathi gum Karya Nalgonda,Malayalam
0,mal_0795.wav,Gyan Aadil chiller thiruthalangal Varthai in Mataram,Malayalam
0,mal_0796.wav,our ko Munh hona loma coronavirus,Malayalam
0,mal_0797.wav,Adam Aarti Kerala,Malayalam
0,mal_0798.wav,English and navakal Vivek Shiksha Hona only Lathi gum,Malayalam
0,mal_0799.wav,George Kutty in Wikipedia Saathiya Mala,Malayalam
0,mal_0800.wav,abe Kurien English nanartha angle in Kannada,Malayalam
0,mal_0801.wav,England Malayalam Mahan in vendor in Anandapuram,Malayalam
0,mal_0802.wav,arey kal pragaram adisankaran periyarin thiratha Khiladi anagram,Malayalam
0,mal_0803.wav,abe Kurian rubber nanartha angle in Kannada,Malayalam
0,mal_0804.wav,Eid Mubarak Tiranga thirangal ka naam,Malayalam
0,mal_0805.wav,English Vicky Malayalam Wiki Lekar ceiling ko dikhaunga,Malayalam
0,mal_0806.wav,English annava Canal Vivek camp,Malayalam
0,mal_0807.wav,Nal Mulakat in Mataram,Malayalam
0,mal_0808.wav,Kundan Google copy paste,Malayalam
0,mal_0809.wav,Roman katolika madam Pradhan madam,Malayalam
0,mal_0810.wav,even a character dravyam in vilikkunnu,Malayalam
0,mal_0811.wav,Hindi padna Muslim per legal owner Noida,Malayalam
0,mal_0812.wav,Vivek Gurjar Ja Dinanath engal kanuda,Malayalam
0,mal_0813.wav,Govindan Nair,Malayalam
0,mal_0814.wav,Govindan Nair aanayi Pathri kondana,Malayalam
0,mal_0815.wav,kam siyad sarvakalasala Fatehpur Taki,Malayalam
0,mal_0816.wav,ennil Enna Enna vala adikum coronavirus,Malayalam
0,mal_0817.wav,angle Vicky Le upyogita Madiya Boom,Malayalam
0,mal_0818.wav,Jadi anava Ki Nal ka Vivah,Malayalam
0,mal_0819.wav,dongle login chahie chahie na edit Google Onam tanglewood apparel,Malayalam
0,mal_0820.wav,Kaveri Nadi Dakshina Bharat 8mm Walia nadigalile owner,Malayalam
0,mal_0821.wav,other coloured wood English lagnatil Kandu,Malayalam
0,mal_0822.wav,jigidi in navakal Vivek Shaquille o'neal adhigam karyangal unda,Malayalam
0,mal_0823.wav,idhar Adhe Ham Kundal Arya padane thudangi,Malayalam
0,mal_0824.wav,Vivek Acharya Jagadish nanartha girl in Kannada,Malayalam
0,mal_0825.wav,English Vicky lam Samana Charcha Kunda Kunda,Malayalam
0,mal_0826.wav,engane Surya Ne Shubham Malang recipe Tamil Vendum,Malayalam
0,mal_0827.wav,adaware Vera Mari Enna lekhanam kanuda,Malayalam
0,mal_0828.wav,namnirdeshan chahie padhna likhna 3 Talaq ka naam lekhan,Malayalam
0,mal_0829.wav,aadami pratyek ichcha Veer Manav Mangal Allah,Malayalam
0,mal_0830.wav,indana pinnal in arela in Mataram,Malayalam
0,mal_0831.wav,Jagadi Anna bacchanal in Vivek shikdum,Malayalam
0,mal_0832.wav,e Gramam Taliparamba Taluk Coolpad no,Malayalam
0,mal_0833.wav,in the Allu Ayaan other malayalathil Ek Mati dhundha,Malayalam
0,mal_0834.wav,avare Aadhar Mein ki varacha Chitra nashta Pattu,Malayalam
0,mal_0835.wav,Jiva gum navakal Vivek Shiksha Anna only Lathi gum Karya Nalgonda,Malayalam
0,mal_0836.wav,Indian Kuri leka Nangal kandappol end parantu in Mataram,Malayalam
0,mal_0837.wav,Vinay edhara Bhaskar Enna Kondu mathram,Malayalam
0,mal_0838.wav,Bade Chitra Khan body Kandala,Malayalam
0,mal_0839.wav,Kerala Sahitya Academy Award,Malayalam
0,mal_0840.wav,ilakanam arattupuzha Pooram live,Malayalam
0,mal_0841.wav,abe Kurien jeevagan nanarthagalu,Malayalam
0,mal_0842.wav,prabodhanam Canal in the name Vivek camp,Malayalam
0,mal_0843.wav,Nammal English Bhasha Ling mathram Mathi,Malayalam
0,mal_0844.wav,endrum Nee navakal Vivek Shaquille o'neal athigam Karan,Malayalam
0,mal_0845.wav,punnagail Sunil Paranda Bole Telugu matrimony,Malayalam
0,mal_0846.wav,pakshi Cherry kuruppam RD login jiuga,Malayalam
0,mal_0847.wav,Yahan Wikipedia English nilavil angamardana,Malayalam
0,mal_0848.wav,European Union Andaman virajam,Malayalam
0,mal_0849.wav,Dehati yadhartha Peer indal ka Vivah Ram Naam lekhan,Malayalam
0,mal_0850.wav,abe Kuchh Aryan endrum naan ethinal,Malayalam
0,mal_0851.wav,aadhe Adhoore,Malayalam
0,mal_0852.wav,Thiruvananthapuram Pramukh vidyabhyasa Kendra Mana,Malayalam
0,mal_0853.wav,Mirakkel pakshi Salim coronavirus,Malayalam
0,mal_0854.wav,ella navum theorem board Cup under 19,Malayalam
0,mal_0855.wav,pin need personal bond angle material Modi,Malayalam
0,mal_0856.wav,middle end Oru cheriya Oru Kodi samarppikkunnu,Malayalam
0,mal_0857.wav,Aval Palladam,Malayalam
0,mal_0858.wav,vedangal urlacl Hindu matham Hyundai Sadhu Kokila,Malayalam
0,mal_0859.wav,Oru pravesam yanchi dukaan Chitram,Malayalam
0,mal_0860.wav,Vera Mari aksharamala program malayalathil,Malayalam
0,mal_0861.wav,lekhana tilkut adivasikal enana upyogita,Malayalam
0,mal_0862.wav,Bhagam even I'm in,Malayalam
0,mal_0863.wav,poll update chechiyum,Malayalam
0,mal_0864.wav,abe Kurien thiruvathira nanartha null,Malayalam
0,mal_0865.wav,English vi Khel Ninna tajima Chaita gana,Malayalam
0,mal_0866.wav,Peene English vikal 1 leganam vi Charno Ki,Malayalam
0,mal_0867.wav,in Rawal Mughal Mela in,Malayalam
0,mal_0868.wav,Vicky ke engane ariyam paksham Pelican Patila,Malayalam
0,mal_0869.wav,Kerala Pathanamthitta Jilla Hile Patna Mona Adoor,Malayalam
0,mal_0870.wav,udaharan ki Kanu,Malayalam
0,mal_0871.wav,Eid Taal Hindi farcical in 1962,Malayalam
0,mal_0872.wav,Bharatpur Kulla Oru pura Kshetra Mein thirunnavaya Kshetra mein,Malayalam
0,mal_0873.wav,pratyay ki ichcha English vikal nalwari Matra Mulla Samay,Malayalam
0,mal_0874.wav,India river Allah Brahmanandam,Malayalam
0,mal_0875.wav,Gyan todpura Anna vibhagam Cherthu,Malayalam
0,mal_0876.wav,Charlie and paranoid Unchi Dono come,Malayalam
0,mal_0877.wav,Shiva Panda Karnataka Sansthan Bhag,Malayalam
0,mal_0878.wav,thiruvathira in navakal Vivek Shaquille o'neal athigam karangal undu,Malayalam
0,mal_0879.wav,our Kundal Sanjay Ramanathan today,Malayalam
0,mal_0880.wav,Munna kudi,Malayalam
0,mal_0881.wav,Adoor Pathanamthitta Kerala Pathanamthitta Jilla,Malayalam
0,mal_0882.wav,any Kaya Kura Waliye vivaram Illa,Malayalam
0,mal_0883.wav,ADO kondana photo CM in 1 other,Malayalam
0,mal_0884.wav,Aadi nivendi Nikam chahie na phaagan Gal suno,Malayalam
0,mal_0885.wav,Malayalam Aditya sogariya television channel,Malayalam
0,mal_0886.wav,Mahabharat I'm lekhanam nilavaram,Malayalam
0,mal_0887.wav,adinda Udaipur Pardeep polum courier version Mumbai conductor,Malayalam
0,mal_0888.wav,Midnapore Mein Anand Vihar Bus Stop Mangalam Jile pravartak,Malayalam
0,mal_0889.wav,how are you Basit tharagam candle Mataram,Malayalam
0,mal_0890.wav,82 president Naam nirdesham chahie,Malayalam
0,mal_0891.wav,Pudhu aaya aur Aradhana samuthayam Pundai,Malayalam
0,mal_0892.wav,endana vishayam in Manasu,Malayalam
0,mal_0893.wav,thullal anava Canal in the Vivek,Malayalam
0,mal_0894.wav,Vastu Duggal pathigam Mataram cheadle Modi,Malayalam
0,mal_0895.wav,abe Kurien Tala nanartha null,Malayalam
0,mal_0896.wav,ivide Malayalam Vicky Ling ithuvarai Illa,Malayalam
0,mal_0897.wav,Malayalam Wikipedia pravarthanangal jeevithathil cheranalloor Google owner,Malayalam
0,mal_0898.wav,Enna da Enna da Enna da,Malayalam
0,mal_0899.wav,India Ne 15 Masoom 15 divasam,Malayalam
0,mal_0900.wav,Kochi nirantharam Eid na Sakshi mohichu,Malayalam
0,mal_0901.wav,Adil Nandan a new Google Google,Malayalam
0,mal_0902.wav,Vella Anna Malayalam artham ulsavam in nana,Malayalam
0,mal_0903.wav,edakkunnu idhar Andha Kanoon,Malayalam
0,mal_0904.wav,Kottayam Jile Le Orissa oriya Patna Mana Pune,Malayalam
0,mal_0905.wav,Teen Patti Ullah Kundal vivarangal left,Malayalam
0,mal_0906.wav,hilake Dil Kare Kano,Malayalam
0,mal_0907.wav,Shruti ennava Canal in the name Vivek,Malayalam
0,mal_0908.wav,Thala in navakal Vivek Shiksha Anna unnil adhigam Karya Nalgonda,Malayalam
0,mal_0909.wav,Pradhan lekhan Jile ke Urdu Ling hittalmani code,Malayalam
0,mal_0910.wav,Abhishek Oru lekhanam nilavil under,Malayalam
0,mal_0911.wav,Adil Nalla uad,Malayalam
0,mal_0912.wav,Eva De Chilam vivarangal Oru Puthiya Chitra Cherthu,Malayalam
0,mal_0913.wav,ilakanam Chandran in 162,Malayalam
0,mal_0914.wav,Aane Wale athigam starlim Venum Jeev vigyan,Malayalam
0,mal_0915.wav,vellarikundu Kalam Kunda aanmeegam edit Google,Malayalam
0,mal_0916.wav,bhumil nokkumbol sooriyanum,Malayalam
0,mal_0917.wav,add Bole where I am chirathukal Kannan,Malayalam
0,mal_0918.wav,idhayathil Mexico Santosh issue,Malayalam
0,mal_0919.wav,lekhan Atul Nigam Nigam Chehra Bhag Dangal alkalam,Malayalam
0,mal_0920.wav,Ayyappan Anna bacchanal In The Name lyrics,Malayalam
0,mal_0921.wav,Shiksha Shruti navakal vipaksh kya hona onley Lathi kam Karya Nalgonda,Malayalam
0,mal_0922.wav,Kerala Malappuram Jile Pattanam Ponnani,Malayalam
0,mal_0923.wav,Vivek Gurjar Shruti nanartha null,Malayalam
0,mal_0924.wav,appal cal share ka Niyam Kanoon,Malayalam
0,mal_0925.wav,random at all puthran,Malayalam
0,mal_0926.wav,aranjanam akaranam Cherthala nenaram inana uddeshy,Malayalam
0,mal_0927.wav,houck yogyata ko Ravana Karana,Malayalam
0,mal_0928.wav,Karnan vandalism delete Chale,Malayalam
0,mal_0929.wav,Khuda De Tangle vishayam in the Manasa Mangal vyakaranam no cougar,Malayalam
0,mal_0930.wav,mattullavarude so bhavam Namak Martin Sathi Kila,Malayalam
0,mal_0931.wav,Pol Oru Malayalam Pathu Joli,Malayalam
0,mal_0932.wav,padam Enna Pathu matham nokkum,Malayalam
0,mal_0933.wav,abe Pala prathyekathakal kondom Tharam Tirchi,Malayalam
0,mal_0934.wav,angle korach Sahayak link Google Param,Malayalam
0,mal_0935.wav,Chilla vivarangal,Malayalam
0,mal_0936.wav,epporul Arumugam Angana,Malayalam
0,mal_0937.wav,ennil Eid pratyek avasarangal Mataram,Malayalam
0,mal_0938.wav,Adina Lana 31 De,Malayalam
0,mal_0939.wav,Aadil Pariyojna pragaram all prasthana,Malayalam
0,mal_0940.wav,padinjaran Hindi Oru Nadiya na Mahi,Malayalam
0,mal_0941.wav,Ashokan in navakal Vivek Shiksha Hona only athigam karyangal,Malayalam
0,mal_0942.wav,Eid vivarangal tajima cheyyan Padal,Malayalam
0,mal_0943.wav,abe Kurukshetra Aryan Ashokan nanartha angle in Kannada,Malayalam
0,mal_0944.wav,Muslim mother Vishwas Eagle aanayi Pradesh Adhyaksh,Malayalam
0,mal_0945.wav,pagal Pavagadh Ashram in lekhan Tangle Bhartiya mathangal Kandu,Malayalam
0,mal_0946.wav,Malayalam Vicky lake and vyakti Swagatam,Malayalam
0,mal_0947.wav,other Chitram Naa Alludu kunthirikkam Nagar,Malayalam
0,mal_0948.wav,ndfb prayathil Vaanam Enna Tanya,Malayalam
0,mal_0949.wav,Ashokan ennava Canal Tarah Pariyojna in the Vivek shikdum,Malayalam
0,mal_0950.wav,shakthan thampuran feveral no ko avashya Pattu,Malayalam
0,mal_0951.wav,Vinay Oru karyam parayan marannathu,Malayalam
0,mal_0952.wav,any Kaya allied Tum,Malayalam
0,mal_0953.wav,Eid order random Divas Parivar eagle,Malayalam
0,mal_0954.wav,tractor Anand pagal Tirupati,Malayalam
0,mal_0955.wav,Adina e Lekha Naam Aana N L 162,Malayalam
0,mal_0956.wav,prasiddha Maiya Nirahua vidyabhyasa carbon angle Konda Nagaram prashastha Mana,Malayalam
0,mal_0957.wav,Pathar Shantaram Appa dawai Vahi to,Malayalam
0,mal_0958.wav,inner lid nesha kamaya Telugu girl killer,Malayalam
0,mal_0959.wav,tharakan Rajendra peyargal,Malayalam
0,mal_0960.wav,other Kitty Nahin karne thurangam,Malayalam
0,mal_0961.wav,Tangle cheratha parasyam Nigam chithoor,Malayalam
0,mal_0962.wav,Karnan end Kayal Pustak Matra Mein ullu,Malayalam
0,mal_0963.wav,wooden pattern prasiddh ganangal P Bhaskaran,Malayalam
0,mal_0964.wav,abe Kurian nanartha angle in Kannada,Malayalam
0,mal_0965.wav,Siri Aaya per Ayyappan Pulla En Nana,Malayalam
0,mal_0966.wav,Karnan Malayalam peyargal Arkham,Malayalam
0,mal_0967.wav,Priya challiyan En Desam Bharatha Desam kandirunna,Malayalam
0,mal_0968.wav,NDRF Ibrahim Nanpara new in Mataram,Malayalam
0,mal_0969.wav,idhuku today Sadharan Jangal Pratinidhi Kari Kitna Orissa Faheem on Dyno,Malayalam
0,mal_0970.wav,are they had dinner Vicky ki vendi karyangal cheyyan Karim,Malayalam
0,mal_0971.wav,Andha Alam Pol Oru Pada Padal,Malayalam
0,mal_0972.wav,Indu Gonda Chitra sthanam kit dealer in Narela,Malayalam
0,mal_0973.wav,gobhi Matra Madiya gun,Malayalam
0,mal_0974.wav,keralathil are Nagar Enna Venum Mangal Dham,Malayalam
0,mal_0975.wav,mahashay your mathramalla Where are local 12,Malayalam
0,mal_0976.wav,Ada abhipray angle angle Devi,Malayalam
0,mal_0977.wav,Tangle Parindey sherianna,Malayalam
0,mal_0978.wav,end kaiyile amrud perukkal Matra Mein ullu,Malayalam
0,mal_0979.wav,Murari Angana paranu in Nala Nanpara,Malayalam
0,mal_0980.wav,Huda Ponnani College Bharatpur Tirth,Malayalam
0,mal_0981.wav,lekhan Chehra in 162,Malayalam
0,mal_0982.wav,Malayalam Patra angle OK where Sadharan prayog,Malayalam
0,mal_0983.wav,angle Vakil amidon Ramana upyogi chirikkunna,Malayalam
0,mal_0984.wav,Lakshya Palayam Aditya Kandala,Malayalam
0,mal_0985.wav,Roma Samrajyam in navakal Vivek Shiksha oona o'neill athigam karangal undu,Malayalam
0,mal_0986.wav,abe Kurien bhi Mannar Tangle,Malayalam
0,mal_0987.wav,Adil Varum Aana varathu,Malayalam
0,mal_0988.wav,are Pardeep put onion and pramanam,Malayalam
0,mal_0989.wav,angulam Pol karavadam Sharekhan Shramik yam,Malayalam
0,mal_0990.wav,England ki pustak ke Adhikar,Malayalam
0,mal_0991.wav,viplavam rubixtotal RMP,Malayalam
0,mal_0992.wav,kottarakara Patnam Anna Vishay Kurukshetra Haryana Mangal kottarakara,Malayalam
0,mal_0993.wav,abe Kurien Roma Samrajyam nanartha null,Malayalam
0,mal_0994.wav,Emporium Pravin Vicky Uday today,Malayalam
0,mal_0995.wav,endeka vellarikundu vivarangal,Malayalam
0,mal_0996.wav,Aaj swabhav mallekan angle mathram eduka,Malayalam
0,mal_0997.wav,engane Njan Malayalam Wiki,Malayalam
0,mal_0998.wav,thyroid and in navakal Vivek Shiksha Anna only Lathi kam Karya Nalgonda,Malayalam
0,mal_0999.wav,keralathil per Rakhe karna pad Parichay De,Malayalam
0,Error,Error,Error
